70	page_view
109	cobroke:nearby
180	agent:site|agentsite
183	office:logo
188	result:save|top:save|slideshow:save|persistant-cta:save|nearby:save|additional:save|other-communities:save|nearby-listings:save|nearby-homes:for_sale:save|nearby-homes:recently_sold:save|nearby-homes:not_for_sale:save
189	print
190	send_to_friend
203	srp_click
204	photogallery:photos
205	get-directions
206	schools
207	agent:otherlistings
208	broker:otherlistings
209	agentlistings:listings
211	adp:contact-info:site
213	virtual_tour
223	photogallery:street
226	photogallery:map
227	open-slideshow
230	slideshow:original
231	photo:next
232	photo:prev
235	mini-card-impressions|mini_card_impressions
236	propertyhistory
265	agent:photo
266	broker:photo|builder-logo
267	ldp:prev
268	ldp:next
269	estimatepayment
270	view_rates
295	ldp:top:share
301	share-on-social-media
307	agentprofile
310	my-account:login
343	buyer:agent:site
344	buyer:broker:site
347	more-filters
360	search:save
363	map-view|list-view
497	special-offer
498	green-offer
515	check-availability
517	featured-rental
541	visit-builder-site
546	phone-call-taps
553	listingprovider:agentprofile
554	porch-report
572	mini_map_agent_profile_view
573	advantage:headshot:mini-profile
575	advantage:view-full
581	doorstep_phone_click
584	seller_lead_submit
586	view_dtl_sell_sp
587	save_dtl_sell_sp
588	share_dtl_sell_sp
